,season,yr,mnth,weekday,workingday,weathersit,casual,registered,cnt,temp,hum,windspeed
0,1,0,1,6,0,2,848.1764705882352,654,985,-0.8266621329842936,1.2653437186650585,-0.36354467858480916
1,1,0,1,0,0,2,848.1764705882352,670,801,-0.7210947086258755,0.4784675515072276,0.8753874063109597
2,1,0,1,1,1,1,848.1764705882352,1229,1349,-1.6346566450472237,-1.3772225722948863,0.8721527068510022
3,1,0,1,2,1,1,848.1764705882352,1454,1562,-1.614779727488982,-0.2790547346130784,-0.36565426518912936
4,1,0,1,3,1,1,848.1764705882352,1518,1600,-1.4674139225886729,-1.3794882846563563,0.008502014953073223
5,1,0,1,4,1,1,848.1764705882352,1518,1606,-1.5910105202438678,-0.7965405699824707,-1.360405919808062
6,1,0,1,5,1,2,848.1764705882352,1362,1510,-1.6337929066054742,-0.9368211470462631,-0.2470954980263432
7,1,0,1,6,0,2,848.1764705882352,891,959,-1.8061141924335535,-0.6705497547427588,1.132264735163663
8,1,0,1,0,0,1,848.1764705882352,768,822,-1.951894654624322,-1.3994925172149035,2.47038958219456
9,1,0,1,1,1,1,848.1764705882352,1280,1321,-1.883560917144118,-1.0499561956273813,0.519964255215119
10,1,0,1,2,1,2,848.1764705882352,1220,1263,-1.7837499268310326,0.40875387653706363,-0.9023893529709294
11,1,0,1,3,1,1,848.1764705882352,1137,1162,-1.763873009272791,-0.21373625482513353,1.6642040293983087
12,1,0,1,4,1,1,848.1764705882352,1368,1406,-1.8061141924335535,-1.139580893470336,1.6131942253058504
13,1,0,1,5,1,1,848.1764705882352,1367,1421,-1.8286916592970133,-0.656259992918678,-0.8402831233397475
14,1,0,1,6,0,2,848.1764705882352,1026,1248,-1.43255824977477,-0.9364339683515811,-0.3984653688416538
15,1,0,1,0,0,1,848.1764705882352,953,1204,-1.4416657703061317,-1.0439836057631267,0.030061990049223736
16,1,0,1,1,0,2,848.1764705882352,883,1000,-1.7468934421837095,-0.6585974050384226,0.10859486737271119
17,1,0,1,2,1,2,848.1764705882352,674,683,-1.5236662552823768,1.6656721490141397,-0.5558124017025379
18,1,0,1,3,1,2,848.1764705882352,1572,1650,-1.1108922140089543,0.8057912879813525,0.30970879031788845
19,1,0,1,4,1,2,848.1764705882352,1844,1927,-1.2776648003536417,-0.6526248151741683,0.13513346685505728
20,1,0,1,5,1,1,848.1764705882352,1468,1543,-1.7377804549533495,-1.235185351153372,2.347921047858434
21,1,0,1,6,0,1,848.1764705882352,888,981,-2.384871428716292,-1.6444690813109217,-0.20147217173024812
22,1,0,1,0,0,1,848.1764705882352,836,986,-2.1804644464568073,-1.382607224141291,0.8481174834724493
23,1,0,1,1,1,1,848.1764705882352,1330,1416,-2.1757106050077843,-0.9867026688777378,-0.3933039136164173
24,1,0,1,2,1,2,848.1764705882352,1799,1985,-1.486432568404163,-0.08889263571781175,-0.794603541400871
25,1,0,1,3,1,3,848.1764705882352,472,506,-1.5191124950166959,1.6716447388783948,1.512637263833262
26,1,0,1,4,1,1,848.1764705882352,416,431,-1.6421132224810635,0.4168989690770315,-1.0190494921898279
27,1,0,1,5,1,2,848.1764705882352,1129,1167,-1.5957665483724899,1.1736397278321475,-0.885962705278624
28,1,0,1,6,0,1,848.1764705882352,975,1098,-1.6337929066054742,0.16049346351207955,-0.5756425157831462
29,1,0,1,0,0,1,848.1764705882352,956,1096,-1.5244589266371473,0.6655107109175598,-1.5795582146112452
30,1,0,1,1,1,2,848.1764705882352,1459,1501,-1.7195599471916279,-0.18358650647076352,0.012608676876149381
31,1,0,2,2,1,2,848.1764705882352,1313,1360,-1.657562113850588,1.4355015850017778,-1.8716600141918152
32,1,0,2,3,1,2,848.1764705882352,1454,1526,-1.2867777875840016,1.0472617338977541,1.0971612140677776
33,1,0,2,4,1,1,848.1764705882352,1489,1550,-1.686081882525326,-1.3732575756623142,1.2862364294576352
34,1,0,2,5,1,2,848.1764705882352,1620,1708,-1.5529841620108837,-0.31646766848064173,-0.8221266146318995
35,1,0,2,6,0,2,848.1764705882352,905,1005,-1.43255824977477,2.149645517366094,-0.35464222311457866
36,1,0,2,0,0,1,848.1764705882352,1269,1623,-1.1455565523579123,-0.4375255403510773,-0.6257803574124856
37,1,0,2,1,1,1,848.1764705882352,1592,1712,-1.2229978103694783,0.7813703503131041,-1.9814246179967263
38,1,0,2,2,1,1,848.1764705882352,1466,1530,-1.5008919872549744,-0.6556075251183816,2.47038958219456
39,1,0,2,3,1,2,848.1764705882352,1552,1605,-1.9713014360687005,-0.9648772624590216,0.03577193779158356
40,1,0,2,4,1,1,848.1764705882352,1491,1538,-1.9190124601488479,-1.3763765151472491,0.5012311261687571
41,1,0,2,5,1,1,848.1764705882352,1597,1746,-1.6744159468627058,-0.8818417724014807,-1.0934053880367613
42,1,0,2,6,0,1,848.1764705882352,1184,1472,-1.491779000024614,-0.6107951761969045,0.24009243237532701
43,1,0,2,0,0,1,848.1764705882352,1192,1589,-0.9777890267955132,-1.2329769985985217,1.048992319935803
44,1,0,2,1,1,1,848.1764705882352,1705,1913,-0.43943944282946923,-1.8177458871325765,-0.07482665591756857
45,1,0,2,2,1,1,848.1764705882352,1675,1815,-1.2535019907806413,-2.258591850882501,1.4778150209512861
46,1,0,2,3,1,1,848.1764705882352,1897,2115,-0.9682824372372673,-1.476132388834371,0.9211232438926178
47,1,0,2,4,1,1,848.1764705882352,2216,2475,-0.3255517025954614,-0.8916216194301041,0.6161192126400267
48,1,0,2,5,1,1,848.1764705882352,2348,2927,0.14367693923460642,-0.8079695114514042,1.105838646966881
49,1,0,2,6,0,1,848.1764705882352,1103,1635,-0.525993688071395,-0.010474158904509761,-0.07482665591756857
50,1,0,2,0,0,1,848.1764705882352,1173,1812,-1.1489240389409368,-1.5883568504854046,0.519514210072864
51,1,0,2,1,0,2,848.1764705882352,912,1107,-1.0498893198856263,-0.17462403668646828,1.7094757579270172
52,1,0,2,2,1,1,848.1764705882352,1376,1450,-1.7119667022828275,-0.3698051186609406,0.13202534259135912
53,1,0,2,3,1,1,848.1764705882352,1778,1917,-1.495939157962409,-1.4792513283193058,-1.2964460667472175
54,1,0,2,4,1,2,848.1764705882352,1707,1807,-1.091879034892462,0.48781719998620443,0.9029104795419883
55,1,0,2,5,1,2,848.1764705882352,1341,1461,-0.7163386804972535,0.593810952643196,2.253650654466719
56,1,0,2,6,0,1,848.1764705882352,1545,1969,-1.1637770601196342,-0.6556075251183816,0.0038749883342642675
57,1,0,2,0,0,1,848.1764705882352,1708,2402,-0.8304286885942025,0.36312415037125917,-0.8585662072438545
58,1,0,2,1,1,2,848.1764705882352,1365,1446,-0.4816806259902322,1.7710492837499723,1.4540751396973375
59,1,0,3,2,1,1,848.1764705882352,1714,1851,-1.25033130536156,-0.6765223446070131,0.42373897823673445
60,1,0,3,3,1,1,848.1764705882352,1903,2134,-0.8767753627027761,-1.2889601698591449,1.7092929270879764
61,1,0,3,4,1,1,848.1764705882352,1562,1685,-1.623892714719342,-2.2300194972101672,0.5549412011147455
62,1,0,3,5,1,2,848.1764705882352,1730,1944,-1.2776648003536417,-0.13578427762924547,0.2397970902507223
63,1,0,3,6,0,2,848.1764705882352,1437,2077,-0.6079941730476403,1.1458489015250035,0.9222483567482556
64,1,0,3,0,0,2,848.1764705882352,491,605,-0.6497870868905329,2.286549035815164,2.207914816885061
65,1,0,3,1,1,1,848.1764705882352,1628,1872,-1.2772711980257556,-0.5596230587164908,2.180701149689332
66,1,0,3,2,1,1,848.1764705882352,1817,2133,-1.1091100701354708,-1.4950969748979401,-0.9232320686216116
67,1,0,3,3,1,2,848.1764705882352,1700,1891,-1.090889562373749,1.0472617338977541,0.47612704557734886
68,1,0,3,4,1,3,848.1764705882352,577,623,-0.5810761471794379,-0.010474158904509761,1.062971847167098
69,1,0,3,5,1,2,848.1764705882352,1730,1977,-0.9777890267955132,0.14490593606323285,0.656426380693235
70,1,0,3,6,0,1,848.1764705882352,1408,2132,-0.9086626179605388,-0.2493136748808729,0.4849169897620155
71,1,0,3,0,0,1,848.1764705882352,1435,2417,-0.6070047005289266,-0.7310786906779762,1.1857075958064376
72,1,0,3,1,1,1,848.1764705882352,1687,2046,-0.9302560790042834,-0.9492897350101749,-0.6943278581421917
73,1,0,3,2,1,2,848.1764705882352,1767,2056,-0.9730384653658897,0.18854957892483842,-0.02793757765888175
74,1,0,3,3,1,2,848.1764705882352,1871,2192,-0.7115881190676296,1.0551845571870715,0.23657645470146027
75,1,0,3,4,1,1,848.1764705882352,2320,2744,-0.43943944282946923,-0.18955909633501783,0.32745744561556756
76,1,0,3,5,1,1,848.1764705882352,2355,3239,0.2438979319725734,-0.7466662181268229,0.6289595631049879
77,1,0,3,6,0,1,848.1764705882352,1693,3117,-0.12510425042052978,-1.7938411877239038,2.5578249149882786
78,1,0,3,0,0,1,848.1764705882352,1424,2471,-0.8904421101988169,-1.1156833640374904,0.30132669954339
79,2,0,3,1,1,2,848.1764705882352,1676,2077,-0.3550609437889129,0.774616233083659,1.4413754283393312
80,2,0,3,2,1,1,848.1764705882352,2243,2703,-0.2936589806387008,-0.034214400057781924,0.5548849454719637
81,2,0,3,3,1,2,848.1764705882352,1918,2121,-0.811410042778712,1.5072013432761415,0.6745828894010826
82,2,0,3,4,1,2,848.1764705882352,1699,1865,-1.1501103126235932,1.2653437186650585,0.8085557026861008
83,2,0,3,5,1,1,848.1764705882352,1910,2210,-1.263998052857601,-0.9633213777044677,0.6248529011819117
84,2,0,3,6,0,1,848.1764705882352,1515,2496,-1.2548905323262391,-1.6862915503123581,0.3273449343300041
85,2,0,3,0,0,2,848.1764705882352,1221,1693,-1.324809612515984,-0.9711151414288911,-0.028064152855141078
86,2,0,3,1,1,1,848.1764705882352,1806,2028,-1.2630085803388873,-2.3458791366057112,0.3643752111911685
87,2,0,3,2,1,1,848.1764705882352,2108,2425,-1.0544430801513072,-2.2598896165072673,0.5724085781985154
88,2,0,3,3,1,2,848.1764705882352,1368,1536,-1.0681098276473482,0.12412734611532258,-0.18856150171180983
89,2,0,3,4,1,3,848.1764705882352,1506,1685,-1.2412237848301984,2.071965999251648,0.4409110131958996
90,2,0,4,5,1,2,848.1764705882352,1920,2227,-1.0681098276473482,0.40793649929273623,1.0184033141731628
91,2,0,4,6,0,2,848.1764705882352,1354,2252,-0.986109342671103,0.17491228490105476,0.15260084393882714
92,2,0,4,0,0,1,1651.0,1598,3249,-0.6398868950044011,-1.0708710151160132,-0.05741553447658026
93,2,0,4,1,1,1,848.1764705882352,2381,3115,0.4261194096867849,-1.4562572158407172,-0.07482665591756857
94,2,0,4,2,1,2,848.1764705882352,1628,1795,-0.4439932030951499,0.09126017692235408,-0.07482665591756857
95,2,0,4,3,1,1,848.1764705882352,2395,2808,-0.5715531575241969,-1.136598183526122,1.0796516452519211
96,2,0,4,4,1,1,848.1764705882352,2570,3141,-0.3164387153651015,-0.18955909633501783,-0.3373014212270678
97,2,0,4,5,1,2,848.1764705882352,1299,1471,-0.8722216024370955,1.4834328734081903,0.5723523225557334
98,2,0,4,6,0,2,848.1764705882352,1576,2455,-0.8357751202146535,1.7791943762899394,-0.7483754669448709
99,2,0,4,0,0,2,848.1764705882352,1707,2895,-0.3756594656149456,1.6357948597412129,-0.5559249129881013
100,2,0,4,1,1,2,848.1764705882352,2493,3348,0.5481306646324391,0.6280977770499971,1.943330464971241
101,2,0,4,2,1,2,848.1764705882352,1777,2034,0.03889671953196021,0.787350110153186,1.2458308140295584
102,2,0,4,3,1,2,848.1764705882352,1953,2162,-0.4531061903255101,1.3609481763480944,0.9046122127361396
103,2,0,4,4,1,1,848.1764705882352,2738,3267,-0.1524377454126112,-0.6376825855497903,-1.0631679800415073
104,2,0,4,5,0,1,848.1764705882352,2484,3126,-0.26632548564661906,0.30038686188119074,0.5636748896566303
105,2,0,4,6,0,3,848.1764705882352,674,795,-0.3528851975875431,1.8568667244285582,2.1730503822709983
106,2,0,4,0,0,1,1558.0,2186,3744,-0.2116584956624556,-1.0738608950360542,1.6482977464017359
107,2,0,4,1,1,1,848.1764705882352,2760,3429,0.09356370951612365,-0.6227475259012407,-0.3196512133042571
108,2,0,4,2,1,2,848.1764705882352,2795,3204,0.05711722729368204,0.261547102823968,-0.3983528575560899
109,2,0,4,3,1,1,848.1764705882352,3331,3944,0.5445663768854717,-0.1088968682763589,0.7823687009711412
110,2,0,4,4,1,1,848.1764705882352,3444,4189,-0.19799174816641474,-1.5936841425251902,1.9543565709564874
111,2,0,4,5,1,2,848.1764705882352,1506,1683,-0.8676623754724162,0.7186330618230357,0.4672808457498999
112,2,0,4,6,0,2,848.1764705882352,2574,4036,-0.19343798790073377,1.853884014484344,0.6248529011819117
113,2,0,4,0,0,2,1710.0,2481,4191,0.471678879139587,1.3011935978022402,0.08268914387166133
114,2,0,4,1,1,1,848.1764705882352,3300,4073,0.608346354099995,1.0562242036820493,-0.013536133106723646
115,2,0,4,2,1,1,848.1764705882352,3722,4400,0.7450138290604036,0.7156503518788224,1.9718239480402575
116,2,0,4,3,1,2,848.1764705882352,3325,3872,0.6812338518458803,1.4774602835439352,1.7707100250950798
117,2,0,4,4,1,2,848.1764705882352,3489,4058,0.6675671043498397,0.5124962567842408,1.8931785594312067
118,2,0,4,5,1,1,848.1764705882352,3717,4595,0.07989696202008309,-1.235185351153372,0.7561816992561817
119,2,0,4,6,0,1,1965.0,3347,5312,-0.12510425042052978,-0.9035739691344403,0.6860309127071929
120,2,0,5,0,0,2,848.1764705882352,2213,3351,-0.23899199065453733,0.9516572762147172,-1.1242897359240067
121,2,0,5,1,1,2,848.1764705882352,3554,4401,0.29401116169105557,0.7216229417430766,-0.03996222130350591
122,2,0,5,2,1,2,848.1764705882352,3848,4451,0.6630133440841585,0.4856088474313542,2.1991951922538715
123,2,0,5,3,1,2,848.1764705882352,2378,2633,-0.4439932030951499,0.7724078805288088,2.006927469136143
124,2,0,5,4,1,1,848.1764705882352,3819,4433,-0.19799174816641474,-1.3277927589405403,1.5343238141256716
125,2,0,5,5,1,1,848.1764705882352,3714,4608,-0.08865776819808788,-0.28217367409801375,0.5899884665678491
126,2,0,5,6,0,1,1612.0,3102,4714,0.13456395200424653,-0.631709995685536,-0.36348842294202727
127,2,0,5,0,0,1,848.1764705882352,2932,4333,0.18011795475805006,0.016577708703777096,-1.5703477594967838
128,2,0,5,1,1,1,848.1764705882352,3698,4362,0.20289768948445053,-0.291136143882309,-0.14479461162751667
129,2,0,5,2,1,1,848.1764705882352,4109,4803,0.20289768948445053,-1.0051438467059037,-0.9932562799743414
130,2,0,5,3,1,1,848.1764705882352,3632,4182,0.25756467946861394,0.025540178488072357,-0.9233445799071752
131,2,0,5,4,1,1,848.1764705882352,4169,4864,0.2165644369804917,0.8470975187232135,0.04741685584743012
132,2,0,5,5,1,2,848.1764705882352,3413,4105,0.09356370951612365,1.677617328742649,-0.09240654428690225
133,2,0,5,6,0,2,848.1764705882352,2507,3409,0.1391177122699272,2.101843288524576,-0.7221181456764344
134,2,0,5,0,0,2,1582.0,2971,4553,0.36689865943694083,1.7045047380955356,-0.46855989974786083
135,2,0,5,1,1,1,848.1764705882352,3185,3958,0.44889914441318596,1.1368864317407084,-0.8357404801851115
136,2,0,5,2,1,2,848.1764705882352,3445,4123,0.36234489917126017,1.4953852231125266,1.280638993000839
137,2,0,5,3,1,2,848.1764705882352,3319,3855,0.29856492195673684,1.725419557584167,0.21372259982132666
138,2,0,5,4,1,2,848.1764705882352,3840,4575,0.1937847022540906,1.4356306445666716,-1.0981449259411338
139,2,0,5,5,1,1,848.1764705882352,4008,4917,0.22567742421085157,0.6469333035486721,-0.8618712262572891
140,2,0,5,6,0,1,2258.0,3547,5805,0.5855666193735946,-0.01927217043340473,-0.9232320686216116
141,2,0,5,0,0,1,1576.0,3084,4660,0.5946796066039545,0.8620325783717631,-0.538471599815027
142,2,0,5,1,1,2,848.1764705882352,3438,4274,0.7450138290604036,1.295221007937986,0.6686901108196819
143,2,0,5,2,1,2,848.1764705882352,3833,4492,0.899901811782534,0.7992952898816946,0.2924804997159414
144,2,0,5,3,1,1,848.1764705882352,4238,4978,0.9044555720482147,0.47963625756709993,-0.4509237557357452
145,2,0,5,4,1,1,848.1764705882352,3919,4677,1.1641237744729906,0.34519921080266786,0.18770436503471258
146,2,0,5,5,1,1,848.1764705882352,3808,4679,1.0183487789812207,0.17491228490105476,0.7648450682445895
147,2,0,5,6,0,1,2001.0,2757,4758,0.877122077056133,0.7186330618230357,0.6159504457116809
148,2,0,5,0,0,1,1047.7816850406375,2433,4788,0.9409020542706563,1.3579582964280534,0.38876203233710793
149,2,0,5,1,0,1,1549.0,2549,4098,1.3007912494333993,0.398974029508441,-0.7745062130170485
150,2,0,5,2,1,1,848.1764705882352,3309,3982,1.5285721966004129,0.052427587840958925,-1.0543217802140588
151,2,0,6,3,1,2,848.1764705882352,3461,3974,1.4693514463505688,0.3422093308826269,0.2924804997159414
152,2,0,6,4,1,1,848.1764705882352,4232,4968,1.2005702566954324,-2.325616784917376,1.4906553714162474
153,2,0,6,5,1,1,848.1764705882352,4414,5312,0.6812338518458803,-1.9730905834098125,0.9398282451175889
154,2,0,6,6,0,1,1869.0,3473,5342,0.7632343368221254,-1.2411579410176268,-0.8881848031685078
155,2,0,6,0,0,2,1685.0,3221,4906,0.8361218345680107,0.16594981511675871,-0.6694909918539969
156,2,0,6,1,1,1,848.1764705882352,3875,4548,1.0001228045205004,-0.2104739158236501,-0.9057084358950596
157,2,0,6,2,1,1,848.1764705882352,4070,4833,1.15957001420731,-0.22540897547219965,0.02127204586455709
158,2,0,6,3,1,1,848.1764705882352,3725,4401,1.5331259568660935,-0.05213933962637244,-0.6958608244079976
159,2,0,6,4,1,2,848.1764705882352,3352,3915,1.7107936743146244,-0.4375255403510773,-0.5121017672610266
160,2,0,6,5,1,1,848.1764705882352,3771,4586,1.419238216632086,-0.17462403668646828,-0.6433039901390374
161,2,0,6,6,0,1,1729.0,3237,4966,1.2552372466795958,0.18088487476530904,-0.4422463228366424
162,2,0,6,0,0,1,848.1764705882352,2993,4460,1.077569529231065,0.8500873986432544,-0.3196512133042571
163,2,0,6,1,1,1,848.1764705882352,4157,5020,0.7632343368221254,-0.9663112576245086,1.6743722368311318
164,2,0,6,2,1,1,848.1764705882352,4164,4891,0.5946796066039545,-0.8766865597815545,1.1671291697777255
165,2,0,6,3,1,1,848.1764705882352,4411,5180,0.7176803340683219,-1.1306184236860402,-0.258543521332453
166,2,0,6,4,1,2,848.1764705882352,3222,3767,0.7267878545996838,0.4228715589412858,0.2837468111740563
167,2,0,6,5,1,1,848.1764705882352,3981,4844,0.84068106153269,0.7634454107445128,-0.608495811167757
168,2,0,6,6,0,1,1807.0,3312,5119,1.100349263957466,0.2944142720169365,-0.9406994457053813
169,2,0,6,0,0,2,1639.0,3105,4744,1.1140160114535065,0.2675268626640499,-1.18552400309207
170,2,0,6,1,1,2,848.1764705882352,3311,4010,0.7632343368221254,0.8381350489389174,-0.43345637865197534
171,3,0,6,2,1,2,848.1764705882352,4061,4835,1.0137895520165416,1.0114118547605722,-0.21476256733746438
172,3,0,6,3,1,1,848.1764705882352,3846,4507,1.3007912494333993,0.5602984856257588,-0.19736550980717196
173,3,0,6,4,1,2,848.1764705882352,4044,4790,1.2734577544413175,0.5304211963528312,0.7384752356905888
174,3,0,6,5,1,1,848.1764705882352,4022,4991,1.2506834864139151,-0.4016756612138955,0.5024968781313492
175,3,0,6,6,0,1,1782.0,3420,5202,1.0912362767271053,-1.0469734856831676,0.3273449343300041
176,3,0,6,0,0,1,1920.0,3385,5305,1.009235791750861,-0.8318742108600766,-1.2905350050819127
177,3,0,6,1,1,2,848.1764705882352,3854,4708,1.0229025392469013,0.20777228411819482,-1.1069348701258006
178,3,0,6,2,1,1,848.1764705882352,3916,4648,1.360017466382242,0.03450264827236841,-0.5908596671556414
179,3,0,6,3,1,1,848.1764705882352,4377,5225,1.2734577544413175,-0.9424065582158359,1.0621842681681517
180,3,0,6,4,1,1,848.1764705882352,4488,5515,1.100349263957466,-1.3994925172149035,-0.013831475231328357
181,3,0,7,5,1,1,848.1764705882352,4116,5362,1.2415704991835552,-1.6713564906638083,-1.1769731453892258
182,3,0,7,6,0,1,2204.0,2915,5119,1.328124744425481,-1.3248100489963266,-1.0018212015878807
183,3,0,7,0,0,2,1047.7816850406375,2367,4649,1.2096832439257927,0.3810490899398497,0.5985955799134749
184,3,0,7,1,0,2,1047.7816850406375,2978,6043,1.2643502339099557,0.06139005762525419,-1.4741267016916078
185,3,0,7,2,1,1,848.1764705882352,3634,4665,1.3736842138782825,-0.2791837941779728,-0.8443616574414328
186,3,0,7,3,1,1,848.1764705882352,3845,4629,1.227903751687514,0.8172202294502859,-0.5121017672610266
187,3,0,7,4,1,1,848.1764705882352,3838,4592,1.3919047216400042,0.15698734533246345,-0.38106831131136093
188,3,0,7,5,1,2,848.1764705882352,3348,4040,1.16868300143767,0.9217871569176173,0.5461512569300785
189,3,0,7,6,0,1,1988.0,3348,5336,1.3007912494333993,-0.14474674741354074,-0.258543521332453
190,3,0,7,0,0,1,1743.0,3138,4881,1.3782379741439637,-0.3658257820767136,-0.03972313482168312
191,3,0,7,1,1,1,848.1764705882352,3363,4086,1.4602384591202082,0.04644782800087699,1.350719459996351
192,3,0,7,2,1,1,848.1764705882352,3596,4258,1.6333524163030586,-0.503245538785359,0.19631147838033836
193,3,0,7,3,1,1,848.1764705882352,3594,4342,1.3736842138782825,0.016577708703777096,-0.5648414323690273
194,3,0,7,4,1,1,848.1764705882352,4196,5084,1.0137895520165416,-1.0977584244688994,0.7646763013162438
195,3,0,7,5,1,1,848.1764705882352,4220,5538,0.9181223195442553,-0.2732112043137177,-0.04869590984539102
196,3,0,7,6,0,1,1047.7816850406375,3505,5923,1.0456822739733025,-0.3180235532351956,0.3100603880852751
197,3,0,7,0,0,1,2006.0,3296,5302,1.2233499914218333,-0.18059662655072256,0.8260793354126524
198,3,0,7,1,1,1,848.1764705882352,3617,4458,1.3736842138782825,0.15698734533246345,0.41500528969484934
199,3,0,7,2,1,1,848.1764705882352,3789,4541,1.5376851838307728,0.15101475546820917,-0.7832961572017155
200,3,0,7,3,1,1,848.1764705882352,3688,4332,1.4921257143779714,0.5573086057057178,-1.019330770403737
201,3,0,7,4,1,2,848.1764705882352,3152,3784,1.747240156537066,0.4437863784299181,0.5024406224885672
202,3,0,7,5,1,1,848.1764705882352,2825,3387,1.9294616342512783,-0.35088355245233643,-0.7481363804630481
203,3,0,7,6,0,1,848.1764705882352,2298,3285,1.9340208612159573,-0.9274714985672858,-0.7745624686598304
204,3,0,7,0,0,1,848.1764705882352,2556,3606,1.8292406415133111,-0.5630001173312134,-0.2408370577668604
205,3,0,7,1,1,1,848.1764705882352,3272,3840,1.3554582394175627,0.9158073970775353,-1.3429230724225272
206,3,0,7,2,1,1,848.1764705882352,3840,4590,1.510351688838691,-0.634699875605577,0.1963677340231203
207,3,0,7,3,1,1,848.1764705882352,3901,4656,1.5285721966004129,-1.6235542618222898,-0.039835646107246964
208,3,0,7,4,1,1,848.1764705882352,3784,4390,1.551351931326814,-0.32997590293953183,-0.109930177013454
209,3,0,7,5,1,1,848.1764705882352,3176,3846,1.8747946442671146,-0.6227475259012407,-0.17098161334247614
210,3,0,7,6,0,1,1559.0,2916,4475,1.688019406287222,-1.172448062663304,-0.24975357714778637
211,3,0,7,0,0,1,1524.0,2778,4302,1.6971269268185838,-1.0648984252517586,-0.30212758057770533
212,3,0,8,1,1,1,848.1764705882352,3537,4266,1.510351688838691,-0.5630001173312134,-0.4159890015682055
213,3,0,8,2,1,1,848.1764705882352,4044,4845,1.574126199354216,-0.9902087870573539,0.2750131226321716
214,3,0,8,3,1,2,848.1764705882352,3107,3574,1.2916837289020373,0.20179969425394054,-0.7132156902062036
215,3,0,8,4,1,2,848.1764705882352,3777,4576,1.1732367617033506,0.9187972769975763,0.15265709958160906
216,3,0,8,5,1,1,848.1764705882352,3843,4866,1.177790521969032,0.010597948863695163,-0.022494844219736066
217,3,0,8,6,0,2,1521.0,2773,4294,1.2096832439257927,0.9008723374289858,0.590044722210631
218,3,0,8,0,0,1,848.1764705882352,2487,3785,1.350904479151882,0.8859372777804354,0.21365228026784927
219,3,0,8,1,1,1,848.1764705882352,3480,4326,1.4739052066162495,-0.2672386144494634,0.08268914387166133
220,3,0,8,2,1,1,848.1764705882352,3695,4602,1.5285721966004129,-0.42258331072670013,-0.49469064582003835
221,3,0,8,3,1,1,848.1764705882352,3896,4780,1.4830181938466094,-1.4711922754892672,0.1963677340231203
222,3,0,8,4,1,1,848.1764705882352,3980,4792,1.2142370041914734,-1.4741821554093082,-0.3023666670595281
223,3,0,8,5,1,1,848.1764705882352,3854,4905,1.1641237744729906,-1.5369194438993765,-0.8533203685544452
224,3,0,8,6,0,2,1504.0,2646,4150,1.0411230470086232,0.7186330618230357,0.35382727816956827
225,3,0,8,0,0,2,848.1764705882352,2482,3820,0.9910152839891391,1.3489958266437583,0.511047735834193
226,3,0,8,1,1,1,848.1764705882352,3563,4338,0.9317890670402964,0.5931584848428997,0.3186675014309009
227,3,0,8,2,1,1,848.1764705882352,4004,4725,1.1231235319848685,-0.3658257820767136,0.7036670567193084
228,3,0,8,3,1,1,848.1764705882352,4026,4694,1.2461242594492359,-0.3867334315895183,-0.5995230361440491
229,3,0,8,4,1,1,848.1764705882352,3166,3805,1.1823497489337111,0.18088487476530904,0.6597735914387559
230,3,0,8,5,1,2,848.1764705882352,3356,4153,1.0365692867429426,0.6708380029573453,-0.6608276228655895
231,3,0,8,6,0,1,1914.0,3277,5191,1.1049030242231466,0.32130168136982223,-1.1508283354063529
232,3,0,8,0,0,1,848.1764705882352,2624,3873,1.177790521969032,1.0084219748405312,0.878411147110485
233,3,0,8,1,1,1,848.1764705882352,3925,4758,1.0730157689653843,-1.142570773390377,1.2721443909407772
234,3,0,8,2,1,1,848.1764705882352,4614,5895,0.7951215920798878,-1.247130530881881,-0.5559811686308833
235,3,0,8,3,1,1,848.1764705882352,4181,5130,0.9727893095284187,-0.17462403668646828,0.939645414278548
236,3,0,8,4,1,2,848.1764705882352,3107,3542,1.0320155264772612,1.0203743245448675,0.34509358962768316
237,3,0,8,5,1,1,848.1764705882352,3893,4661,1.1185697717191871,0.9456846863504629,-1.4392017922615548
238,3,0,8,6,0,2,848.1764705882352,889,1115,1.009235791750861,1.5820200410354397,2.6626010496695067
239,3,0,8,0,0,1,848.1764705882352,2919,4334,1.1571591999490083,-0.48461794158567945,1.6646540745405642
240,3,0,8,1,1,1,848.1764705882352,3905,4634,0.7723473240524853,-0.5361127079783268,-0.3722783671266943
241,3,0,8,2,1,1,848.1764705882352,4429,5204,0.7860140715485264,-0.5809250568998047,-0.8619415458107664
242,3,0,8,3,1,1,848.1764705882352,4370,5058,0.8816813040208121,-0.22540897547219965,-1.4480508048711425
243,3,0,9,4,1,1,848.1764705882352,4332,5115,0.8725683167904523,0.07035252740955024,-0.6258366130552675
244,3,0,9,5,1,2,848.1764705882352,3852,4727,0.808788339575929,0.7007081222544451,-0.6520939343237044
245,3,0,9,6,0,1,1935.0,2549,4484,0.9500150415010161,0.6260256540358682,-0.013648644392287494
246,3,0,9,0,0,1,1047.7816850406375,2419,4940,1.16868300143767,0.8082577596659907,0.28369055553127476
247,3,0,9,1,0,2,848.1764705882352,2115,3351,0.9727893095284187,1.1548113713092996,0.3712946552533381
248,3,0,9,2,1,3,848.1764705882352,2506,2710,0.2438979319725734,1.8470008376900053,2.217140742301287
249,3,0,9,3,1,3,848.1764705882352,1878,1996,0.5673461116118728,2.063003529467353,-1.2555510272269388
250,3,0,9,4,1,3,848.1764705882352,1689,1842,0.7572920350108465,2.224198926019777,0.09074776470016375
251,3,0,9,5,1,2,848.1764705882352,3127,3544,0.8452348217983706,1.9255837727587077,-0.8707877456382151
252,3,0,9,6,0,1,1750.0,3595,5345,0.899901811782534,0.8919098676446905,-0.4597136999204122
253,3,0,9,0,0,1,1633.0,3413,5046,0.8634553295600924,0.6051108345472359,-1.0019337128734445
254,3,0,9,1,1,1,848.1764705882352,4023,4713,0.8143370390593215,0.45041143609446876,-1.3695784023636455
255,3,0,9,2,1,1,848.1764705882352,4062,4763,0.8497885820640513,0.5961483647629406,-0.6257241017697037
256,3,0,9,3,1,1,848.1764705882352,4138,4785,0.9727893095284187,0.4856088474313542,-0.2671506346780788
257,3,0,9,4,1,2,848.1764705882352,3231,3659,0.44889914441318596,0.572250835330095,1.1933302354033806
258,3,0,9,5,1,2,848.1764705882352,4018,4760,-0.14332475818225132,-0.2791837941779728,-0.31098784431584936
259,3,0,9,6,0,2,848.1764705882352,3077,4511,-0.020324030717883582,0.6379708337643768,0.047529367132993966
260,3,0,9,0,0,1,848.1764705882352,2921,4274,0.06623021452404193,0.47067378778280383,-0.10987392137067209
261,3,0,9,1,1,2,848.1764705882352,3848,4539,0.29401116169105557,0.43482390864562204,-0.48595695727815363
262,3,0,9,2,1,2,848.1764705882352,3203,3641,0.36234489917126017,1.806081785642826,-0.7220618900336525
263,3,0,9,3,1,2,848.1764705882352,3813,4352,0.5445663768854717,1.940518832407258,-1.2642228345617637
264,3,0,9,4,1,2,848.1764705882352,4240,4795,0.7267878545996838,1.9554538920558076,-0.8181043361729963
265,4,0,9,5,1,2,848.1764705882352,2137,2395,0.6220131015960362,2.460342079896394,-1.5179006237312487
266,4,0,9,6,0,2,1776.0,3647,5423,0.608346354099995,1.6716447388783948,-1.5176671628137037
267,4,0,9,0,0,2,1544.0,3466,5010,0.7586805765564447,1.546170161898258,-1.9115143243206296
268,4,0,9,1,1,2,848.1764705882352,3946,4630,0.84068106153269,1.5700676913311036,-1.0631679800415073
269,4,0,9,2,1,2,848.1764705882352,3643,4120,0.7723473240524853,1.8359590749157535,-0.958096503235674
270,4,0,9,3,1,2,848.1764705882352,3427,3907,0.7632343368221254,1.5730575712511445,-0.5297379112731418
271,4,0,9,4,1,1,848.1764705882352,4186,4839,0.6630133440841585,0.5005510770557314,-0.18863182126528685
272,4,0,9,5,1,1,848.1764705882352,4372,5202,0.3760116466673007,0.13009993597957686,0.28380306681683826
273,4,0,10,6,0,2,848.1764705882352,1949,2429,-0.46677293782155094,0.8919098676446905,1.4907819466125063
274,4,0,10,0,0,2,848.1764705882352,2302,2918,-0.7583283955040894,1.163773841093595,0.5023281112030035
275,4,0,10,1,1,2,848.1764705882352,3240,3570,-0.6079941730476403,0.9426948064304219,-1.4478750059874492
276,4,0,10,2,1,1,848.1764705882352,3970,4456,-0.061324273206006155,0.5782234251943493,0.27506937827495354
277,4,0,10,3,1,1,848.1764705882352,4267,4826,0.2347849447422129,0.13308981589961785,-0.12721472325818298
278,4,0,10,4,1,1,848.1764705882352,4126,4765,-0.006657283221842722,-0.06110180941066849,-0.7220618900336525
279,4,0,10,5,1,1,848.1764705882352,4036,4985,0.08445072228576375,0.3930014396441859,-2.3051280249100103
280,4,0,10,6,0,1,2235.0,3174,5409,0.14367693923460642,0.5154861367042818,-1.9814822800305774
281,4,0,10,0,0,1,1047.7816850406375,3114,5511,0.24845169223825406,0.7036980021744862,-1.7276877604023202
282,4,0,10,1,0,1,1514.0,3603,5117,0.41245266219074433,0.7485103510959632,-2.025080403186525
283,4,0,10,2,1,2,848.1764705882352,3896,4563,0.3896783941633419,1.28625853815369,-0.6083129803287157
284,4,0,10,3,1,3,848.1764705882352,2199,2416,0.2621184397342946,1.985331181328735,0.869916545050423
285,4,0,10,4,1,2,848.1764705882352,2623,2913,0.5126791216277093,1.9166213029744124,-0.6259631882515269
286,4,0,10,5,1,2,848.1764705882352,3115,3644,0.3031186822224175,0.6230357741158272,0.5286276242035267
287,4,0,10,6,0,1,1899.0,3318,5217,0.06167645425836127,-1.0469734856831676,1.0096133699884962
288,4,0,10,0,0,1,1748.0,3293,5041,0.08900994925044299,-1.0230687862744947,1.3419998353651614
289,4,0,10,1,1,1,848.1764705882352,3857,4570,0.21201067671481041,-0.3568633122924184,-0.1535283001694014
290,4,0,10,2,1,2,848.1764705882352,4111,4748,0.20289768948445053,0.5184760166243227,-1.0717891572978286
291,4,0,10,3,1,3,848.1764705882352,2170,2424,0.25340452153081905,1.90622483802463,0.8022550706945315
292,4,0,10,4,1,1,848.1764705882352,3724,4195,-0.10688374265880797,0.04943770792091796,-0.07482665591756857
293,4,0,10,5,1,1,848.1764705882352,3628,4304,-0.37110570534926496,-0.39569590137381355,0.49365067830390064
294,4,0,10,6,0,1,1499.0,2809,4308,-0.39843920034134667,-0.0013472308648134193,-1.3167867007860712
295,4,0,10,0,0,1,1619.0,2762,4381,-0.40299296060702733,0.8022851698017356,-1.2205079809470438
296,4,0,10,1,1,1,848.1764705882352,3488,4187,-0.17521748013901225,1.0233570344890808,-0.9493628146937891
297,4,0,10,2,1,1,848.1764705882352,3992,4687,-0.12965801068621044,-0.046159579786290504,-0.2761796653445686
298,4,0,10,3,1,2,848.1764705882352,3490,3894,-0.061324273206006155,0.652913063388754,-0.529555080434101
299,4,0,10,4,1,2,848.1764705882352,2419,2659,-0.13877099791657066,1.3161358274266175,0.16127827683793033
300,4,0,10,5,1,2,848.1764705882352,3291,3747,-0.8995550974291772,-0.3120509633709405,0.6073292684553596
301,4,0,10,6,0,3,848.1764705882352,570,627,-1.3186650428417643,1.8150442554271213,2.321607470947215
302,4,0,10,0,0,1,848.1764705882352,2446,3331,-0.9633296079447022,-0.04018698992203622,-0.13611717872841347
303,4,0,10,1,1,1,848.1764705882352,3307,3669,-0.8494418677106944,0.5304211963528312,-1.1243459915667886
304,4,0,11,2,1,1,848.1764705882352,3658,4068,-0.5168861675400335,0.3900115597241449,-0.7133844571345493
305,4,0,11,3,1,1,848.1764705882352,3816,4186,-0.6444406552700818,0.6409607136844178,-1.4655125563906342
306,4,0,11,4,1,1,848.1764705882352,3656,3974,-0.47588592505191085,0.521458726568536,-0.6958608244079976
307,4,0,11,5,1,2,848.1764705882352,3576,4046,-0.5032194200439926,-0.04914945970633147,1.202232690873611
308,4,0,11,6,0,1,848.1764705882352,2770,3926,-0.9223293654565796,-0.7900445718828129,0.0389081898766727
309,4,0,11,0,0,1,848.1764705882352,2697,3649,-0.8038878649568911,0.7544829409602175,-1.3254008460870448
310,4,0,11,1,1,1,848.1764705882352,3662,4035,-0.5487734227977958,0.9277597467818723,-1.8152356044816018
311,4,0,11,2,1,1,848.1764705882352,3829,4205,-0.47588592505191085,0.6618755331730493,-1.6491056593913986
312,4,0,11,3,1,1,848.1764705882352,3804,4109,-0.5214399278057141,0.9247698668618314,-1.745326717196575
313,4,0,11,4,1,2,848.1764705882352,2743,2933,-0.630773907774041,1.3191185373708307,0.038978509430150104
314,4,0,11,5,0,1,848.1764705882352,2928,3368,-0.9359961129526205,-1.3128576992919903,1.8055182040663607
315,4,0,11,6,0,1,848.1764705882352,2792,4067,-0.7583283955040894,-0.5480578877068362,0.36237813587241213
316,4,0,11,0,0,1,848.1764705882352,2713,3717,-0.29821820760337997,-1.2262228813690768,1.3420560910079433
317,4,0,11,1,1,1,848.1764705882352,3891,4486,0.18923094198840995,-0.30308849358664525,1.6918958695576831
318,4,0,11,2,1,2,848.1764705882352,3746,4195,0.18923094198840995,0.42586143886132677,0.18757778983845363
319,4,0,11,3,1,3,848.1764705882352,1672,1817,-0.2116584956624556,2.155618107230349,-0.6956920574796518
320,4,0,11,4,1,2,848.1764705882352,2914,3053,-0.8403288804803345,-0.38375072164530416,1.6745410037594777
321,4,0,11,5,1,1,848.1764705882352,3147,3392,-1.2093310628734373,-1.5727693230365585,-0.24980983279056831
322,4,0,11,6,0,1,848.1764705882352,2720,3663,-0.9086626179605388,-0.9125364389187364,0.537248801459848
323,4,0,11,0,0,2,848.1764705882352,2733,3520,-0.17521748013901225,0.3959841495884,-0.004858700207620456
324,4,0,11,1,1,3,848.1764705882352,2545,2765,-0.26177172538093807,2.0122185906816217,-0.6784637668777047
325,4,0,11,2,1,3,848.1764705882352,1538,1607,-0.43032645559910904,2.3886423216220307,-0.9493628146937891
326,4,0,11,3,1,2,848.1764705882352,2454,2566,-0.29821820760337997,0.9217871569176173,2.1029699152754864
327,4,0,11,4,0,1,848.1764705882352,935,1495,-0.6672203899964826,-0.5749452970597226,-0.26709437903529687
328,4,0,11,5,1,1,848.1764705882352,1697,2792,-0.6581074027661227,0.1032125266266911,-1.229181194672938
329,4,0,11,6,0,1,848.1764705882352,1819,3068,-0.653553642500442,0.3750765000755954,-1.657778873117293
330,4,0,11,0,0,1,848.1764705882352,2261,3071,-0.19799174816641474,0.49457131721564945,0.3186675014309009
331,4,0,11,1,1,1,848.1764705882352,3614,3867,0.04424315115241158,0.8151409364603293,-0.6212517781685454
332,4,0,11,2,1,2,848.1764705882352,2818,2914,-0.202550975131094,1.4445931143509676,1.009739945184755
333,4,0,11,3,1,1,848.1764705882352,3425,3613,-0.9314423526869395,-0.11487662811644084,1.1934990023317262
334,4,0,12,4,1,1,848.1764705882352,3545,3727,-0.9997760901671439,-0.7512119828014177,0.4762395568629123
335,4,0,12,5,1,1,848.1764705882352,3672,3940,-0.990663102936784,-0.025251930273486666,-1.2030476358186217
336,4,0,12,6,0,1,848.1764705882352,2908,3614,-1.0726635879130288,-0.11785933806065417,-1.272955116712579
337,4,0,12,0,0,1,848.1764705882352,2851,3485,-0.8995550974291772,1.0502444438419674,-1.4392608606864756
338,4,0,12,1,1,2,848.1764705882352,3578,3811,-0.5988866525162786,1.417705704998081,-1.7451509183128815
339,4,0,12,2,1,3,848.1764705882352,2468,2594,-0.17977124040469292,2.2960277438590344,0.6509836472540893
340,4,0,12,3,1,3,848.1764705882352,655,705,-0.46677293782155094,2.4454070202478437,1.1234185353362143
341,4,0,12,4,1,1,848.1764705882352,3172,3322,-1.2548905323262391,-0.3538734323723774,0.7561113797027044
342,4,0,12,5,1,1,848.1764705882352,3359,3620,-1.1182230573658305,0.4766463776470589,-1.4567226122059673
343,4,0,12,6,0,1,848.1764705882352,2688,3190,-1.2047773026077564,-0.8736966798615136,0.6599564222777972
344,4,0,12,0,0,1,848.1764705882352,2366,2743,-1.5008919872549744,-0.9991712568416495,-1.684206367705145
345,4,0,12,1,1,1,848.1764705882352,3167,3310,-1.4052247547826884,0.2973969819611498,-1.7276877604023202
346,4,0,12,2,1,1,848.1764705882352,3368,3523,-1.1637770601196342,-0.28217367409801375,-0.6433602457818193
347,4,0,12,3,1,2,848.1764705882352,3562,3740,-0.9724425951750622,0.24661204317541763,-1.7627308066822152
348,4,0,12,4,1,2,848.1764705882352,3528,3709,-0.39843920034134667,0.03450264827236841,1.1496758566046512
349,4,0,12,5,1,2,848.1764705882352,3399,3577,-0.6581074027661227,-0.9244816186472449,1.0446606354415997
350,4,0,12,6,0,2,848.1764705882352,2464,2739,-1.2958907748143618,-0.49130035905684966,0.7998360780549111
351,4,0,12,0,0,1,848.1764705882352,2211,2431,-1.4052247547826884,-0.30906108345089955,-0.23228620006401615
352,4,0,12,1,1,1,848.1764705882352,3143,3403,-1.1956643153773965,0.05840017770521322,-0.188448990426246
353,4,0,12,2,1,2,848.1764705882352,3534,3750,-0.5988866525162786,-0.24333391504079097,-1.7541166613812416
354,1,0,12,3,1,2,848.1764705882352,2553,2660,-0.36655194508358396,1.6417674496054673,0.4937069339466826
355,1,0,12,4,1,2,848.1764705882352,2841,3068,-0.39388544007566567,0.9187972769975763,-1.9551715159014982
356,1,0,12,5,1,1,848.1764705882352,2046,2209,-0.6672203899964826,0.40793649929273623,1.236928358559328
357,1,0,12,6,0,1,848.1764705882352,856,1011,-1.0544430801513072,-0.6227475259012407,0.05637556696044254
358,1,0,12,0,0,1,848.1764705882352,451,754,-1.2059635762904128,0.37247379885023596,-0.4388569203590346
359,1,0,12,1,0,1,848.1764705882352,887,1317,-0.9492692581207753,-0.8775899767358112,0.7477714806602928
360,1,0,12,2,1,2,848.1764705882352,1059,1162,-0.9314423526869395,0.9546471561347581,0.030301076531046914
361,1,0,12,3,1,1,848.1764705882352,2047,2302,-1.0728658557759703,-0.8994153831545271,1.5141983579204583
362,1,0,12,4,1,1,848.1764705882352,2169,2423,-1.350557764798525,-0.39569590137381355,-0.9406431900625994
363,1,0,12,5,1,1,848.1764705882352,2508,2999,-1.0043298504328244,0.052427587840958925,-0.7307393229327553
364,1,0,12,6,0,1,848.1764705882352,1820,2485,-0.46677293782155094,-0.09695168854785033,0.4761833012201304
365,1,1,1,0,0,1,848.1764705882352,1608,2294,-0.6854408977582044,0.45274884821421335,0.08257663258609749
366,1,1,1,1,0,1,848.1764705882352,1707,1951,-1.2154756325476574,-1.7785189493806721,2.01633622539141
367,1,1,1,2,1,1,848.1764705882352,2147,2236,-1.8881146774097988,-1.3487075784291722,2.522721393892393
368,1,1,1,3,1,2,848.1764705882352,2273,2368,-2.1204493848424932,-1.5399093238194175,-0.022438588576954143
369,1,1,1,4,1,1,848.1764705882352,3132,3272,-1.2548905323262391,-0.754194692745631,-0.7919173344580368
370,1,1,1,5,1,1,848.1764705882352,3791,4098,-0.8813291229684571,-0.6257374058212817,-0.25859977697523495
371,1,1,1,6,0,1,848.1764705882352,3451,4521,-0.557886410028156,-0.7004198740398587,-0.1622619887112865
372,1,1,1,0,0,1,848.1764705882352,2826,3425,-0.8631086152067352,-1.1784206525275582,0.07378668840143045
373,1,1,1,1,1,2,848.1764705882352,2270,2376,-1.4826660127942541,0.5184760166243227,-1.2291221262480172
374,1,1,1,2,1,1,848.1764705882352,3425,3598,-1.0205714131571195,0.12308769962034466,0.017671684726517468
375,1,1,1,3,1,2,848.1764705882352,2085,2177,-1.2093310628734373,1.5640951014668492,-0.7745624686598304
376,1,1,1,4,1,2,848.1764705882352,3828,4097,-0.617107160278,1.2444360691522538,-0.07493916720313241
377,1,1,1,5,1,1,848.1764705882352,3040,3214,-1.2093310628734373,-0.8736966798615136,2.697634251211915
378,1,1,1,6,0,1,848.1764705882352,2160,2493,-1.7241137074573087,-1.232195471233331,0.012482101679890053
379,1,1,1,0,0,1,848.1764705882352,2027,2311,-1.7970012052031936,-1.507042154626449,0.9136271794919338
380,1,1,1,1,0,1,848.1764705882352,2081,2298,-1.6694467174731453,-0.766147042449968,0.6337553566521422
381,1,1,1,2,1,2,848.1764705882352,2808,2935,-0.6688057327060234,0.6218670680559549,2.290090247078674
382,1,1,1,3,1,1,848.1764705882352,3267,3376,-1.0498893198856263,-1.3337725187806222,-0.07482665591756857
383,1,1,1,4,1,1,848.1764705882352,3162,3292,-1.6694467174731453,-0.9453964381358768,0.4762395568629123
384,1,1,1,5,1,2,848.1764705882352,3048,3163,-1.5191124950166959,-1.2859702899391037,0.2314149994762242
385,1,1,1,6,0,2,848.1764705882352,1234,1301,-1.7605601896797507,1.4475829942710086,0.5111743110304524
386,1,1,1,0,0,2,848.1764705882352,1781,1977,-1.8197809399295948,1.1966338403107357,0.18764810939193105
387,1,1,1,1,1,2,848.1764705882352,2287,2432,-1.5145587347510152,2.021181060465917,-1.0630554687559437
388,1,1,1,2,1,1,848.1764705882352,3900,4339,-0.8357751202146535,1.4804429934881493,-0.879394858983841
389,1,1,1,3,1,1,848.1764705882352,3803,4270,-1.0999970829051104,0.1032125266266911,-0.35475473440014255
390,1,1,1,4,1,2,848.1764705882352,3831,4075,-0.8403288804803345,1.0054320949204902,-1.5878109174073451
391,1,1,1,5,1,2,848.1764705882352,3187,3456,-0.3847724528453058,0.8022851698017356,2.1991951922538715
392,1,1,1,6,0,1,848.1764705882352,3248,4023,-0.9815555824054223,-0.6167749360369864,0.3450373339849012
393,1,1,1,0,0,1,848.1764705882352,2685,3243,-1.1637770601196342,-2.2808044359958983,0.7559988684171409
394,1,1,1,1,1,1,848.1764705882352,3498,3624,-1.236664557865519,-1.6384964914466673,0.41483652276650396
395,1,1,1,2,1,1,848.1764705882352,4185,4509,-0.5761069177898775,-1.52496709419504,1.0621280125253698
396,1,1,2,3,1,1,848.1764705882352,4275,4579,-0.14332475818225132,-0.8707067999414726,0.038978509430150104
397,1,1,2,4,1,2,848.1764705882352,3571,3761,-0.525993688071395,0.31233921158552697,0.012538357322671976
398,1,1,2,5,1,1,848.1764705882352,3841,4151,-0.9952223299014632,-0.7362697531770405,-0.10969109053163123
399,1,1,2,6,0,2,848.1764705882352,2448,2832,-1.263998052857601,1.077131853194854,-0.9057084358950596
400,1,1,2,0,0,2,848.1764705882352,2629,2947,-1.2548905323262391,0.41988884899707246,-0.1448508672702982
401,1,1,2,1,1,1,848.1764705882352,3578,3784,-1.1631811899288067,-0.05148687182607607,-0.45701342906688264
402,1,1,2,2,1,1,848.1764705882352,4176,4375,-0.7719951430001302,-0.9543589079201721,-0.5473177996424756
403,1,1,2,3,1,2,848.1764705882352,2693,2802,-1.3049982953457233,0.6708380029573453,-0.739402691921163
404,1,1,2,4,1,1,848.1764705882352,3667,3830,-1.2594442925919198,-0.4823378892725544,0.10887614558662041
405,1,1,2,5,1,2,848.1764705882352,3604,3831,-1.1728900473499941,-0.6406724654698313,-0.9755638803194439
406,1,1,2,6,0,3,848.1764705882352,1977,2169,-1.4826660127942541,0.7305854115273719,1.455622169873839
407,1,1,2,0,0,1,848.1764705882352,1456,1529,-2.0111154048741664,-1.1814105324475992,-0.07482665591756857
408,1,1,2,1,1,1,848.1764705882352,3328,3422,-1.491779000024614,-1.5638068532522627,-0.267389721159902
409,1,1,2,2,1,2,848.1764705882352,3787,3922,-0.9633296079447022,-0.8647342100772175,-0.6345140459543708
410,1,1,2,3,1,1,848.1764705882352,4028,4169,-0.8038878649568911,-0.7034097539598997,-0.06603671173290153
411,1,1,2,4,1,2,848.1764705882352,2931,3005,-0.976996355440743,0.8859372777804354,-1.3342498586966325
412,1,1,2,5,1,1,848.1764705882352,3805,4154,-0.8312213599489728,0.037485358216581735,0.27495686698938965
413,1,1,2,6,0,1,848.1764705882352,2883,4318,-0.8129953854882528,-0.6795122245270541,0.06516551114510918
414,1,1,2,0,0,2,848.1764705882352,2071,2689,-1.1774438076156748,-0.8139492712914861,0.9397016699213299
415,1,1,2,1,0,1,848.1764705882352,2627,3129,-1.1774438076156748,-0.871359267741769,0.601759959819955
416,1,1,2,2,1,1,848.1764705882352,3614,3777,-1.1346614212540684,-0.25099861920032035,0.2731426225096746
417,1,1,2,3,1,1,848.1764705882352,4379,4773,-0.5442196625321152,-0.4405082502952906,0.6775363106471308
418,1,1,2,4,1,1,848.1764705882352,4546,5062,-0.22532524315849647,-0.5361127079783268,0.06494048857398188
419,1,1,2,5,1,2,848.1764705882352,3241,3487,-0.4804396853175918,0.7753977604488498,0.7210781781602963
420,1,1,2,6,0,1,848.1764705882352,2415,2732,-1.1182230573658305,-1.6743463705838493,-0.07482665591756857
421,1,1,2,0,0,1,848.1764705882352,2874,3389,-1.1819975678813557,-1.5727693230365585,0.2662794340902865
422,1,1,2,1,1,1,848.1764705882352,4069,4322,-0.703661405519926,-0.9931986669773949,1.1495492814083923
423,1,1,2,2,1,1,848.1764705882352,4134,4363,-0.7446616480080485,-1.6743463705838493,0.10015652095543118
424,1,1,2,3,1,2,848.1764705882352,1769,1834,-0.8256726604655803,1.2578152440462502,-0.1009574019897461
425,1,1,3,4,1,1,848.1764705882352,4665,4990,-0.05221675267464453,-0.09993439849206365,0.5722820030022561
426,1,1,3,5,1,2,848.1764705882352,2948,3194,-0.7765543699648094,0.19880981433389958,-0.5821259786137563
427,1,1,3,6,0,2,848.1764705882352,3110,4066,-0.4439932030951499,-0.05811192949062753,-0.35464222311457866
428,1,1,3,0,0,1,848.1764705882352,2713,3423,-0.9268885924212589,-1.6205715518780766,2.0853337712633713
429,1,1,3,1,1,1,848.1764705882352,3130,3333,-1.3778912597906066,-0.8826591496458088,0.5985955799134749
430,1,1,3,2,1,1,848.1764705882352,3735,3956,-1.2958907748143618,-1.2381680610975858,0.20504516692222347
431,1,1,3,3,1,1,848.1764705882352,4484,4916,-0.4986601930793133,-0.8318742108600766,2.2429620823381646
432,1,1,3,4,1,1,848.1764705882352,4896,5382,0.1755641944923688,-0.4434981302153316,-0.07482665591756857
433,1,1,3,5,1,2,848.1764705882352,4122,4569,-0.46221917755587,-1.5936841425251902,-0.07482665591756857
434,1,1,3,6,0,1,848.1764705882352,3150,4118,-1.1364435651275524,-1.999977992762699,0.5548849454719637
435,1,1,3,0,0,1,1658.0,3253,4911,-0.7306012981841219,-1.0926892515589017,0.5104007959422017
436,1,1,3,1,1,1,848.1764705882352,4460,5298,-0.15699150567829218,-1.0051438467059037,0.30121418825782653
437,1,1,3,2,1,1,848.1764705882352,5085,5847,0.38056540693298135,-0.08499933884351331,0.7124007452611931
438,1,1,3,3,1,1,848.1764705882352,5315,6312,0.42156564942110425,-0.8766865597815545,-1.0018212015878807
439,1,1,3,4,1,1,848.1764705882352,5187,6192,0.3395651644448591,-0.3568633122924184,-0.5121017672610266
440,1,1,3,5,1,2,848.1764705882352,3830,4378,-0.3255517025954614,1.5252553424096265,-1.028120714588404
441,1,1,3,6,0,2,1047.7816850406375,4681,7836,0.10267669674648415,0.9068449272932401,-1.0631117243987256
442,1,1,3,0,0,2,2207.0,3685,5892,-0.12510425042052978,1.295221007937986,-0.835571713256766
443,1,1,3,1,1,1,848.1764705882352,5171,6153,0.27123142696465513,0.7126604719587813,-0.33723110167359077
444,1,1,3,2,1,1,848.1764705882352,5042,6093,0.3577856722065809,1.2802859482894355,-0.9144983800797264
445,2,1,3,3,1,2,848.1764705882352,5108,6230,0.19834392921876987,1.3758832359966449,-1.3605029607918608
446,2,1,3,4,1,1,848.1764705882352,5537,6871,0.3213446566831373,1.4475829942710086,-0.9666614248492134
447,2,1,3,5,1,2,1047.7816850406375,5893,8362,0.5810128591079133,0.4647011979185496,-0.9844100801468926
448,2,1,3,6,0,2,848.1764705882352,2339,3372,0.03889671953196021,1.8359590749157535,0.0912400015745052
449,2,1,3,0,0,2,1532.0,3464,4996,-0.3164387153651015,1.803091905722785,0.4849169897620155
450,2,1,3,1,1,1,848.1764705882352,4763,5558,-0.27088471261129826,-1.0858060747645633,-0.07482665591756857
451,2,1,3,2,1,1,848.1764705882352,4571,5102,-0.9405553399172998,-2.4331664223289216,0.012608676876149381
452,2,1,3,3,1,1,848.1764705882352,5024,5698,-0.061324273206006155,-1.0619085453317176,1.4819920024278397
453,2,1,3,4,1,1,848.1764705882352,5299,6133,-0.006657283221842722,-1.3636426380777222,1.8754861597763086
454,2,1,3,5,1,2,848.1764705882352,4663,5459,-0.6854408977582044,-0.3479008425081223,-0.6782809360386639
455,2,1,3,6,0,2,1047.7816850406375,3934,6235,-0.3893262131109865,0.7813703503131041,0.9046122127361396
456,2,1,4,0,0,2,1047.7816850406375,3694,6041,-0.3802186925796248,0.3362367410183726,-0.19729519025369455
457,2,1,4,1,1,1,848.1764705882352,4728,5936,-0.336047764672421,-0.8962964436695925,1.7698521265426568
458,2,1,4,2,1,1,848.1764705882352,5424,6772,-0.15699150567829218,-1.6683666107437674,-1.2117813243605067
459,2,1,4,3,1,1,848.1764705882352,5378,6436,0.2530109192029333,-1.145560653310418,-0.07482665591756857
460,2,1,4,4,1,1,848.1764705882352,5265,6457,-0.33010546286114234,-1.829691066861085,0.46739335703546375
461,2,1,4,5,1,1,1807.0,4653,6460,-0.5032194200439926,-1.8087834173482809,1.6045871119602246
462,2,1,4,6,0,1,1047.7816850406375,3605,6857,-0.3164387153651015,-2.6900881661534486,1.2457183027439946
463,2,1,4,0,0,1,2230.0,2939,5169,0.025229972035919656,-2.5347434698762124,0.6511664780931301
464,2,1,4,1,1,1,848.1764705882352,4680,5585,-0.03399077821392444,-2.2359920870744214,2.4175936614437776
465,2,1,4,2,1,1,848.1764705882352,5099,5918,-0.26632548564661906,-1.3935199273506493,0.8871448356523701
466,2,1,4,3,1,1,848.1764705882352,4380,4862,-0.801903453220466,-1.1456897128753114,1.5326642726636066
467,2,1,4,4,1,1,848.1764705882352,4746,5409,-0.5351066753017549,-1.169458182743263,1.4645246253440694
468,2,1,4,5,1,1,848.1764705882352,5146,6398,-0.2891052203730198,-1.5847216727408946,-0.4335126342947573
469,2,1,4,6,0,1,1047.7816850406375,4665,7460,-0.0021035229561620615,-0.9065566790786544,0.06499674421676381
470,2,1,4,0,0,1,1047.7816850406375,4286,7132,0.608346354099995,-0.8707067999414726,0.5461512569300785
471,2,1,4,1,0,1,848.1764705882352,5172,6370,0.9226815465089344,-0.48532059921676773,1.3857667254494546
472,2,1,4,2,1,1,848.1764705882352,5702,6691,0.6174538746313569,-1.7131789596652445,1.2282509256602252
473,2,1,4,3,1,2,848.1764705882352,4020,4367,-0.17521748013901225,-0.43154578051099535,-0.258543521332453
474,2,1,4,4,1,1,848.1764705882352,5719,6565,0.016116984805559762,-0.12084921798069513,-1.6928205130061187
475,2,1,4,5,1,1,848.1764705882352,5950,7290,0.17101043422668813,0.46768390786276287,-0.5122705341893721
476,2,1,4,6,0,1,1047.7816850406375,4083,6624,0.4078989019250631,0.38403896985989067,1.3682993483656845
477,2,1,4,0,0,3,848.1764705882352,907,1027,-0.5396604355674359,1.4774602835439352,2.225621280450654
478,2,1,4,1,1,2,848.1764705882352,3019,3214,-0.9496628604486613,0.9845244454076857,1.6482977464017359
479,2,1,4,2,1,1,848.1764705882352,5115,5633,-0.44855243005982914,-1.2560930006661766,0.8872573469379336
480,2,1,4,3,1,1,848.1764705882352,5541,6196,-0.10232451569412873,-1.444304866136381,-0.9493628146937891
481,2,1,4,4,1,2,848.1764705882352,4551,5026,0.016116984805559762,0.912824687133322,-0.13600466744284964
482,2,1,4,5,1,1,848.1764705882352,5219,6233,-0.20710473539677463,-1.6384964914466673,2.2690365727675603
483,2,1,4,6,0,2,848.1764705882352,3100,4220,-0.6489944155357628,-1.0021611367616905,-0.7920861013863821
484,2,1,4,0,0,1,2229.0,4075,6304,-0.202550975131094,-0.30308849358664525,-0.9758592224440488
485,2,1,4,1,1,2,848.1764705882352,4907,5572,-0.17065825317433303,-0.4255731906467411,-0.20614139008114313
486,2,1,5,2,1,2,848.1764705882352,5087,5740,0.6447873696234386,0.2167347539024909,-0.42472269011009023
487,2,1,5,3,1,1,848.1764705882352,5502,6169,0.3760116466673007,1.20260643017499,-0.6784075112349233
488,2,1,5,4,1,2,848.1764705882352,5657,6421,0.35323191194090026,0.9964696251361951,-0.7397542896885496
489,2,1,5,5,1,1,848.1764705882352,5227,6296,0.7222340943340025,0.7604627008002994,-0.32849741313170566
490,2,1,5,6,0,2,1047.7816850406375,4387,6883,0.6903468390762402,0.912824687133322,-0.46837706890881997
491,2,1,5,0,0,2,2135.0,4224,6359,0.36689865943694083,0.7933227000174403,-0.5121580229038082
492,2,1,5,1,1,2,848.1764705882352,5265,6273,0.23023118447653224,0.2496019230954586,0.6247966455391298
493,2,1,5,2,1,2,848.1764705882352,4990,5728,0.471678879139587,0.40494661937269527,1.5432825252386841
494,2,1,5,3,1,2,848.1764705882352,4097,4717,0.4352323969171448,0.8231999892903679,0.4235561473976932
495,2,1,5,4,1,1,848.1764705882352,5546,6572,0.05711722729368204,-0.5540376475469181,1.7969110907207348
496,2,1,5,5,1,1,848.1764705882352,5711,7030,0.2074514497501312,-1.9282782344883354,0.7122179144221523
497,2,1,5,6,0,1,1047.7816850406375,4807,7429,0.3760116466673007,-1.0678811351959723,-0.8883113783647669
498,2,1,5,0,0,1,2172.0,3946,6118,0.640233609357758,-0.3807608417252632,0.5459824900017332
499,2,1,5,1,1,2,848.1764705882352,2501,2843,0.4261194096867849,1.1488316114692176,0.37123839961055616
500,2,1,5,2,1,2,848.1764705882352,4490,5115,0.6356798490920768,1.1846814906063994,-0.5471349688034347
501,2,1,5,3,1,1,848.1764705882352,6433,7424,0.7723473240524853,0.4915886072714361,-0.8970450669066521
502,2,1,5,4,1,1,848.1764705882352,6142,7384,0.5354533896551118,-0.7840719820185585,0.6072730128125781
503,2,1,5,5,1,1,1521.0,6118,7639,0.3760116466673007,-0.7601744525857129,-0.6958608244079976
504,2,1,5,6,0,1,1047.7816850406375,4884,8294,0.5718998718775534,-1.2411579410176268,-1.4390259933778613
505,2,1,5,0,0,1,1047.7816850406375,4425,7129,0.6857876121115609,-0.709382343824154,0.957351877844141
506,2,1,5,1,1,2,848.1764705882352,3729,4359,0.5627868846471935,1.3041834777222812,0.659717335795974
507,2,1,5,2,1,2,848.1764705882352,5254,6073,0.6539003568537985,0.9785446855676038,-0.958152758878456
508,2,1,5,3,1,2,848.1764705882352,4494,5260,0.6903468390762402,1.0412819740576722,-1.18552400309207
509,2,1,5,4,1,1,848.1764705882352,5711,6770,0.8725683167904523,0.6260256540358682,-0.188448990426246
510,2,1,5,5,1,1,848.1764705882352,5317,6734,1.009235791750861,0.8441076388031725,-0.6433602457818193
511,2,1,5,6,0,1,1047.7816850406375,3681,6536,1.077569529231065,0.7395478813116679,0.1785628230826593
512,2,1,5,0,0,1,1047.7816850406375,3308,6591,1.0639027817350237,0.4856088474313542,0.40610283422461885
513,2,1,5,1,0,1,1047.7816850406375,3486,6043,1.1869035091993918,0.3362367410183726,0.14381089975416048
514,2,1,5,2,1,1,848.1764705882352,4863,5743,1.2415704991835552,0.3959841495884,1.5344363254112356
515,2,1,5,3,1,2,848.1764705882352,6110,6855,0.8816813040208121,0.2914243920968955,-0.7308518342183191
516,2,1,5,4,1,1,848.1764705882352,6238,7338,1.009235791750861,-0.9782564373530177,0.12634352267039065
517,2,1,6,5,1,2,848.1764705882352,3594,4127,0.8680145565247717,0.9038622173490267,0.7210219225175144
518,2,1,6,6,0,1,1047.7816850406375,5325,8120,0.48078639967094833,-0.5749452970597226,0.003748413138005329
519,2,1,6,0,0,1,1047.7816850406375,5147,7641,0.5855666193735946,-0.9752737274088039,-0.031059765833275407
520,2,1,6,1,1,1,848.1764705882352,5927,6998,0.5582331243815128,-1.0200860763302815,1.3858229810922367
521,2,1,6,2,1,2,848.1764705882352,6033,7001,0.24845169223825406,-0.11487662811644084,0.327401189972786
522,2,1,6,3,1,1,848.1764705882352,6028,7055,0.3213446566831373,-0.1298116877649912,-1.5353637816418098
523,2,1,6,4,1,1,848.1764705882352,6456,7494,0.5855666193735946,-0.44648801013537254,-0.407086546097975
524,2,1,6,5,1,1,1488.0,6248,7736,0.84068106153269,-1.1575058330389265,-0.15347204452661947
525,2,1,6,6,0,1,1047.7816850406375,4790,7498,1.177790521969032,-1.3785848677020993,-0.5908034115128595
526,2,1,6,0,0,1,2224.0,4374,6598,1.2643502339099557,-0.6526248151741683,-0.739402691921163
527,2,1,6,1,1,2,848.1764705882352,5647,6664,1.2324575119531946,-0.2971087337465633,0.30121418825782653
528,2,1,6,2,1,2,848.1764705882352,4495,4972,0.8634553295600924,1.4625180539195581,0.3973128900399518
529,2,1,6,3,1,1,848.1764705882352,6248,7421,0.877122077056133,-0.3389383727238271,2.2078023055994973
530,2,1,6,4,1,1,848.1764705882352,6183,7363,0.8361218345680107,-0.42856307056678206,0.9484353584632146
531,2,1,6,5,1,1,1563.0,6102,7665,0.7860140715485264,-0.2851635540180547,-0.13611717872841347
532,2,1,6,6,0,1,1047.7816850406375,4739,7702,0.7450138290604036,-0.8975942092943584,-0.2760530901483093
533,2,1,6,0,0,1,1047.7816850406375,4344,6978,0.5308996293894311,-0.21943638560794537,-0.5821259786137563
534,2,1,6,1,1,2,848.1764705882352,4446,5099,0.3987859146947032,1.0651866734663447,-0.16243075563963189
535,2,1,6,2,1,1,848.1764705882352,5857,6825,1.0547897945046638,0.43482390864562204,-0.5383450246187677
536,2,1,6,3,1,1,848.1764705882352,5339,6211,1.5695724390885353,-0.2672386144494634,-1.0194010899572143
537,3,1,6,4,1,1,848.1764705882352,5127,5905,1.6971269268185838,-0.4405082502952906,-0.9494331342472663
538,3,1,6,5,1,1,848.1764705882352,4859,5823,1.5422389440964535,-0.3986857812938545,-0.04856933464913169
539,3,1,6,6,0,1,1047.7816850406375,4801,7458,1.2916837289020373,-0.6795122245270541,-0.09246279992968418
540,3,1,6,0,0,1,1047.7816850406375,4340,6891,1.3554582394175627,-1.0768436049802674,-0.5733922900718715
541,3,1,6,1,1,1,848.1764705882352,5640,6779,1.2051240169611135,-0.8975942092943584,1.6045167924067476
542,3,1,6,2,1,1,848.1764705882352,6365,7442,0.7404546020957243,-1.835670826701167,2.2691631479638192
543,3,1,6,3,1,1,848.1764705882352,6258,7335,1.1049030242231466,-1.9312681144083763,1.202176435230829
544,3,1,6,4,1,1,848.1764705882352,5958,6879,1.3873509613743236,-1.4831446251936038,-0.20597262315279774
545,3,1,6,5,1,1,848.1764705882352,4634,5463,1.8520203762397123,-1.008133726625945,-0.293632978517643
546,3,1,6,6,0,1,848.1764705882352,4232,5687,1.4739052066162495,-0.20151144603935484,-0.35475473440014255
547,3,1,7,0,0,1,848.1764705882352,4110,5531,1.7517939168027472,-0.7930344518028538,-0.24986608843334984
548,3,1,7,1,1,1,848.1764705882352,5323,6227,1.5650186788228546,-1.3068851094277356,0.12617475574204487
549,3,1,7,2,1,1,848.1764705882352,5608,6660,1.5604594518581754,-0.9842361971930996,-0.8446569995660378
550,3,1,7,3,0,1,1047.7816850406375,4841,7403,1.6060189213109768,-0.6496349352541273,-0.7221181456764344
551,3,1,7,4,1,1,848.1764705882352,4836,6241,1.8155738940172705,-1.22920559131329,0.10876363430105696
552,3,1,7,5,1,1,848.1764705882352,4841,6207,1.8201276542829512,-1.2799977000748495,-0.5647148571727684
553,3,1,7,6,0,1,848.1764705882352,3392,4840,2.0023545986961615,-0.9842361971930996,-0.31983404414329797
554,3,1,7,0,0,1,848.1764705882352,3469,4672,1.788240399025189,-0.3986857812938545,-0.8532078572688817
555,3,1,7,1,1,2,848.1764705882352,5571,6569,1.177790521969032,0.38702167980410396,-0.07482665591756857
556,3,1,7,2,1,2,848.1764705882352,5336,6290,1.2324575119531946,0.2734994525283042,-0.48602727683163066
557,3,1,7,3,1,1,848.1764705882352,6289,7264,1.2096832439257927,0.028522888432286477,-0.48608353247441255
558,3,1,7,4,1,1,848.1764705882352,6414,7446,1.2051240169611135,-0.7153621036642359,-0.5558124017025379
559,3,1,7,5,1,2,1511.0,5988,7499,1.2916837289020373,-1.0290485461145766,-1.4829757143011955
560,3,1,7,6,0,2,1047.7816850406375,4614,6969,1.136790279480909,0.5005510770557314,-0.5993542692157033
561,3,1,7,0,0,1,1920.0,4111,6031,1.3691249869136033,0.6349881238201635,-0.2760530901483093
562,3,1,7,1,1,1,848.1764705882352,5742,6830,1.4647922193858895,0.11217499641098636,-0.31093158867306747
563,3,1,7,2,1,1,848.1764705882352,5865,6786,1.7654606642987878,-0.8856490295658498,-1.0107236570581113
564,3,1,7,3,1,1,848.1764705882352,4914,5713,1.6287931893383794,-0.3747882518610089,-0.6870708802233305
565,3,1,7,4,1,1,848.1764705882352,5703,6591,1.5012387016083313,-0.20748403590360914,-0.2934642115892976
566,3,1,7,5,1,2,848.1764705882352,5123,5870,0.9317890670402964,1.5401975720340035,0.31885033226994214
567,3,1,7,6,0,3,848.1764705882352,3195,4459,0.5491201371511524,1.6925595583670263,0.3797892573134
568,3,1,7,0,0,2,1047.7816850406375,4866,7410,0.9409020542706563,0.9546471561347581,-1.2991491503828863
569,3,1,7,1,1,1,848.1764705882352,5831,6966,1.3463507188862007,0.4647011979185496,-0.6696175670502562
570,3,1,7,2,1,1,848.1764705882352,6452,7592,1.396458481905685,0.18387475468535003,0.35382727816956827
571,3,1,7,3,1,1,848.1764705882352,6790,8173,1.2506834864139151,-1.2859702899391037,-0.3023104114167462
572,3,1,7,4,1,1,848.1764705882352,5825,6861,1.5376851838307728,-0.2343714452564957,1.385541702878327
573,3,1,7,5,1,1,848.1764705882352,5645,6904,1.5650186788228546,-0.2493136748808729,-0.46837706890881997
574,3,1,7,6,0,1,2234.0,4451,6685,1.4237919768977667,-0.11487662811644084,-0.407086546097975
575,3,1,7,0,0,1,2153.0,4444,6597,1.237016738917874,-0.04018698992203622,-0.22360876716491335
576,3,1,7,1,1,1,848.1764705882352,6065,7105,1.287124501937358,0.2824619223125995,-0.4595871247241529
577,3,1,7,2,1,1,848.1764705882352,6248,7216,1.1914572694650725,0.5364009561929132,-0.29352046723207953
578,3,1,8,3,1,1,848.1764705882352,6506,7580,1.2142370041914734,0.34519921080266786,-0.6345140459543708
579,3,1,8,4,1,1,848.1764705882352,6278,7261,1.4055714691360448,0.2167347539024909,-0.8008197899282673
580,3,1,8,5,1,2,848.1764705882352,5847,7175,1.4784589668819301,0.09425005684239504,0.41483652276650396
581,3,1,8,6,0,1,1047.7816850406375,4479,6824,1.6287931893383794,-0.11487662811644084,1.0008234258038293
582,3,1,8,0,0,1,1707.0,3757,5464,1.4966849413426506,0.16594981511675871,1.4644121140585056
583,3,1,8,1,1,2,848.1764705882352,5780,7013,1.4055714691360448,0.17790216482109572,-0.8008197899282673
584,3,1,8,2,1,2,848.1764705882352,5995,7273,1.3144579969294399,0.5334110762728722,-0.9758592224440488
585,3,1,8,3,1,2,848.1764705882352,6271,7534,1.3919047216400042,0.31233921158552697,-1.0631679800415073
586,3,1,8,4,1,1,848.1764705882352,6090,7286,1.4237919768977667,-0.06408451935488182,-0.42466643446730873
587,3,1,8,5,1,2,848.1764705882352,4721,5786,1.2051240169611135,0.6200458941957863,0.7386018108868481
588,3,1,8,6,0,2,2247.0,4052,6299,1.077569529231065,0.7425377612317089,0.28385932245962014
589,3,1,8,0,0,1,2182.0,4362,6544,1.1231235319848685,-0.709382343824154,-0.8970450669066521
590,3,1,8,1,1,1,848.1764705882352,5676,6883,1.2324575119531946,-0.6018327064126084,-0.704369490378755
591,3,1,8,2,1,1,848.1764705882352,5656,6784,1.2643502339099557,0.4109263792127772,-0.24101988860590126
592,3,1,8,3,1,1,848.1764705882352,6149,7347,1.1550162539416293,-0.07006427919496375,-0.23239871134958
593,3,1,8,4,1,1,848.1764705882352,6267,7605,1.2233499914218333,-0.7900445718828129,-0.6258366130552675
594,3,1,8,5,1,1,848.1764705882352,5665,7148,1.2461242594492359,-0.419600600782486,0.6336991010093603
595,3,1,8,6,0,1,1047.7816850406375,5038,7865,1.0001228045205004,-0.1865763863908045,-0.1185372903590798
596,3,1,8,0,0,2,848.1764705882352,3341,4549,0.767788097087806,0.5901757748986863,-1.4042178144065807
597,3,1,8,1,1,2,848.1764705882352,5504,6530,0.767788097087806,0.7515002310160042,-0.7920298457436002
598,3,1,8,2,1,1,848.1764705882352,5925,7006,0.84068106153269,0.3183118014497813,-1.596600861592012
599,3,1,8,3,1,1,848.1764705882352,6281,7375,0.9409020542706563,0.3422093308826269,-1.6315848394469858
600,3,1,8,4,1,1,848.1764705882352,6402,7765,1.0957900369927867,0.04644782800087699,-1.4302951176181156
601,3,1,8,5,1,2,848.1764705882352,6257,7582,1.1322365192152284,-0.10292427841210461,-1.6053908057766788
602,3,1,8,6,0,2,1829.0,4224,6053,0.909014799012894,0.5991382446829816,0.8172893912279855
603,3,1,8,0,0,2,848.1764705882352,3772,5255,0.8634553295600924,1.5521427517625122,0.5985955799134749
604,3,1,8,1,1,1,848.1764705882352,5928,6917,1.136790279480909,0.7246128216631176,-0.8095534784701524
605,3,1,8,2,1,1,848.1764705882352,6105,7040,1.2734577544413175,-0.06707439927492279,0.06510925550232766
606,3,1,8,3,1,1,848.1764705882352,6520,7697,1.0365692867429426,-0.5540376475469181,-1.036980978326548
607,3,1,8,4,1,1,848.1764705882352,6541,7713,1.1550162539416293,-0.2791837941779728,-1.5354805121005823
608,3,1,8,5,1,1,848.1764705882352,5917,7350,1.4693514463505688,-0.3000986136666043,-0.24980983279056831
609,3,1,9,6,0,2,1047.7816850406375,3788,6140,1.4101252294017261,0.0643727675694683,-1.0281910341418812
610,3,1,9,0,0,2,1047.7816850406375,3197,5810,1.100349263957466,1.3310708870751669,-1.7189568846425745
611,3,1,9,1,0,1,1965.0,4069,6034,1.15957001420731,1.1577940812535128,-0.49469064582003835
612,3,1,9,2,1,1,848.1764705882352,5997,6864,1.2597910069452765,0.9008723374289858,0.7035545454337445
613,3,1,9,3,1,1,848.1764705882352,6280,7112,1.3190172238941191,0.8022851698017356,0.02127204586455709
614,3,1,9,4,1,2,848.1764705882352,5592,6203,1.100349263957466,1.298210887858027,-0.6170466688706009
615,3,1,9,5,1,1,848.1764705882352,6459,7504,1.136790279480909,0.7664352906645537,-0.20602887879557966
616,3,1,9,6,0,2,1557.0,4419,5976,0.8953480515168527,1.2175486597993672,1.3333786581088407
617,3,1,9,0,0,1,1047.7816850406375,5657,8227,0.6265668618617168,-0.5868976467640589,0.537248801459848
618,3,1,9,1,1,1,848.1764705882352,6407,7525,0.48078639967094833,-0.9005840892143994,1.0184736337266405
619,3,1,9,2,1,1,848.1764705882352,6697,7767,0.44889914441318596,-0.7840719820185585,-1.3254008460870448
620,3,1,9,3,1,1,848.1764705882352,6820,7870,0.5673461116118728,-0.3747882518610089,-0.7657725244751638
621,3,1,9,4,1,1,848.1764705882352,6750,7804,0.640233609357758,0.05541029778517225,-1.456664950172116
622,3,1,9,5,1,1,848.1764705882352,6630,8009,0.7541213495917656,0.309349331665486,-1.159322937466415
623,3,1,9,6,0,1,1047.7816850406375,5554,8714,0.6174538746313569,-0.9155191488629497,0.8610703452229741
624,3,1,9,0,0,1,2166.0,5167,7333,0.46256589190922653,-0.4255731906467411,-1.351713016607194
625,3,1,9,1,1,2,848.1764705882352,5847,6869,0.4671196521749078,0.7544829409602175,-0.48595695727815363
626,3,1,9,2,1,2,848.1764705882352,3702,4073,0.699454359607602,1.7433444971527583,2.4090287398302377
627,3,1,9,3,1,1,848.1764705882352,6803,7591,0.31223166945277736,-0.6645699949026769,0.4061590898674008
628,3,1,9,4,1,1,848.1764705882352,6781,7720,0.280344414195015,-0.07902674897925901,-0.958152758878456
629,3,1,9,5,1,1,848.1764705882352,6917,8167,0.5673461116118728,0.2824619223125995,-0.4509800113785271
630,3,1,9,6,0,1,1047.7816850406375,5883,8395,0.8452348217983706,0.12412734611532258,1.3682430927229026
631,4,1,9,0,0,1,1047.7816850406375,5453,7907,0.1846771817227293,-1.1634855928790084,0.5198376800188601
632,4,1,9,1,1,1,848.1764705882352,6435,7436,0.10267669674648415,-0.9782564373530177,-0.6172857553524237
633,4,1,9,2,1,1,848.1764705882352,6693,7538,0.29856492195673684,-0.4255731906467411,0.7035545454337445
634,4,1,9,3,1,1,848.1764705882352,6946,7733,0.7632343368221254,0.010597948863695163,0.8171768799424219
635,4,1,9,4,1,2,848.1764705882352,6642,7393,0.8452348217983706,0.4407964985098771,-0.7306690033792783
636,4,1,9,5,1,2,848.1764705882352,6370,7415,0.6766800915801996,0.43482390864562204,-0.3110440999586313
637,4,1,9,6,0,1,1047.7816850406375,5966,8555,0.25756467946861394,-0.6197576459811998,0.5809594359013592
638,4,1,9,0,0,1,2015.0,4874,6889,0.17101043422668813,-0.32997590293953183,-0.7220056343908706
639,4,1,10,1,1,2,848.1764705882352,6015,6778,0.1391177122699272,0.1420522856839139,-1.3429807344563784
640,4,1,10,2,1,3,848.1764705882352,4324,4639,0.5217866421590712,1.7373719072885032,-1.150715824120789
641,4,1,10,3,1,2,848.1764705882352,6844,7572,0.8862350642864928,1.1787089007421443,-1.6841487056712936
642,4,1,10,4,1,2,848.1764705882352,6437,7328,0.8862350642864928,0.6708380029573453,-0.9668864474203408
643,4,1,10,5,1,1,1516.0,6640,8156,0.6539003568537985,-0.01329958056915044,-1.1243459915667886
644,4,1,10,6,0,1,1047.7816850406375,4934,7965,0.3213446566831373,0.2496019230954586,1.1494367701228285
645,4,1,10,0,0,2,848.1764705882352,2729,3510,-0.4348856825637883,0.5662710754900131,-0.6347531324361935
646,4,1,10,1,0,2,848.1764705882352,4604,5478,-0.6125534000123194,0.5752335452743084,0.0475856227757755
647,4,1,10,2,1,2,848.1764705882352,5791,6392,-0.26632548564661906,0.9486745662705038,0.05631931131766062
648,4,1,10,3,1,1,848.1764705882352,6911,7691,0.10267669674648415,0.010597948863695163,0.021454876703597952
649,4,1,10,4,1,1,848.1764705882352,6736,7570,-0.33010546286114234,-1.190373002231895,-0.06609296737568345
650,4,1,10,5,1,1,848.1764705882352,6222,7282,-0.3164387153651015,-0.6466450553340863,0.6862699991890155
651,4,1,10,6,0,1,2252.0,4857,7109,-0.557886410028156,-0.9663112576245086,-0.5647148571727684
652,4,1,10,0,0,1,2080.0,4559,6639,0.14367693923460642,0.0793149971938455,1.2983313926557372
653,4,1,10,1,1,2,848.1764705882352,5115,5875,0.36234489917126017,0.5602984856257588,1.543395036524248
654,4,1,10,2,1,1,848.1764705882352,6612,7534,-0.14788398514693055,-0.509225298625441,-0.0573030231910168
655,4,1,10,3,1,1,848.1764705882352,6482,7461,-0.21621772262713485,0.4557387281342543,-1.1943702029195185
656,4,1,10,4,1,2,848.1764705882352,6501,7509,0.14823069950028708,0.7096705920387404,0.7122179144221523
657,4,1,10,5,1,2,848.1764705882352,4671,5424,0.3714524197026215,1.3310708870751669,-0.7220618900336525
658,4,1,10,6,0,1,1047.7816850406375,5284,8090,-0.061324273206006155,-0.4046583711581088,-0.9670130226165999
659,4,1,10,0,0,1,2132.0,4692,6824,-0.17065825317433303,-0.8557717402929222,-0.2846742674046306
660,4,1,10,1,1,1,848.1764705882352,6228,7058,-0.04310376544428464,-0.4375255403510773,-1.4740690396577563
661,4,1,10,2,1,1,848.1764705882352,6625,7466,0.26667766669897386,0.08827746697814076,-1.2903592061982194
662,4,1,10,3,1,1,848.1764705882352,6898,7693,0.5035661343973494,0.04943770792091796,-1.59648272474217
663,4,1,10,4,1,2,848.1764705882352,6484,7359,0.29856492195673684,1.2265111295836633,-0.8708440012809971
664,4,1,10,5,1,2,848.1764705882352,6262,7444,0.2757851872303358,1.2743061884493536,-0.7570388359332786
665,4,1,10,6,0,2,1047.7816850406375,5209,7852,0.18923094198840995,0.649923183468713,0.694708345606296
666,4,1,10,0,0,2,848.1764705882352,3461,4459,-0.09777075542844807,0.46768390786276287,-0.07482665591756857
667,4,1,10,1,1,3,848.1764705882352,20,22,-0.30277196786906063,1.7971193158585308,2.4176499170865595
668,4,1,10,2,1,2,848.1764705882352,1009,1096,-0.968714306458142,1.4060329843510149,0.37569665930101936
669,4,1,10,3,1,2,848.1764705882352,5147,5566,-0.7537746352384087,0.2675268626640499,-0.2760530901483093
670,4,1,11,4,1,2,848.1764705882352,5520,5986,-0.7082206324846051,-0.3419210826680404,-0.40714280174075657
671,4,1,11,5,1,1,848.1764705882352,5229,5847,-0.7674413827344495,-0.769136922370009,1.1234185353362143
672,4,1,11,6,0,2,848.1764705882352,4109,5138,-0.8312213599489728,-0.9902087870573539,1.1846528025042777
673,4,1,11,0,0,1,848.1764705882352,3906,5107,-0.9268885924212589,-0.6914574042555635,-0.10108397718600544
674,4,1,11,1,1,1,848.1764705882352,4881,5259,-0.9633296079447022,-0.969293967568722,0.7036108010765265
675,4,1,11,2,1,1,848.1764705882352,5220,5686,-1.1728900473499941,-0.44648801013537254,-0.1797715575271428
676,4,1,11,3,1,2,848.1764705882352,4709,5035,-1.090889562373749,-0.5868976467640589,1.6569048597473617
677,4,1,11,4,1,1,848.1764705882352,4975,5315,-0.782890274103974,-2.1214302133036433,2.2718774827280446
678,4,1,11,5,1,1,848.1764705882352,5283,5992,-0.7309949005120077,-0.634699875605577,0.39748165696829757
679,4,1,11,6,0,1,2090.0,4446,6536,-0.5806606780555584,0.11516487633102733,-1.8065047287218559
680,4,1,11,0,0,1,1047.7816850406375,4562,6852,-0.4075521875717066,0.21375204395827677,-0.8268942803576629
681,4,1,11,1,0,1,848.1764705882352,5172,6269,-0.05677051294032549,0.8052750497217765,-0.17971530188436086
682,4,1,11,2,1,2,848.1764705882352,3767,4094,-0.8312213599489728,0.24063945331116332,2.190461503711987
683,4,1,11,3,1,1,848.1764705882352,5122,5495,-1.1273305778971923,-0.5540376475469181,0.1874652785528898
684,4,1,11,4,1,2,848.1764705882352,5125,5445,-0.9496628604486613,-0.06408451935488182,-0.46844738846229694
685,4,1,11,5,1,1,848.1764705882352,5214,5698,-0.8221083727186129,-0.7512119828014177,-0.21476256733746438
686,4,1,11,6,0,1,848.1764705882352,4316,5629,-0.9314423526869395,-0.6018327064126084,-0.09235028864412033
687,4,1,11,0,0,1,848.1764705882352,3747,4669,-0.8357751202146535,0.4557387281342543,0.5810719471869231
688,4,1,11,1,1,2,848.1764705882352,5050,5499,-0.6262201475083603,-0.043176869842077185,0.685918401421629
689,4,1,11,2,1,2,848.1764705882352,5100,5634,-0.6626611630318033,0.398974029508441,-1.456605881747195
690,4,1,11,3,1,1,848.1764705882352,4531,5146,-0.7765543699648094,-0.11188674819639988,-1.168000370365518
691,4,1,11,4,0,1,848.1764705882352,1470,2425,-0.8494418677106944,-0.35088355245233643,-1.876472684431804
692,4,1,11,5,1,1,1603.0,2307,3910,-0.6945538849885643,-0.4345356604310363,-0.5382887689759858
693,4,1,11,6,0,1,848.1764705882352,1745,2277,-1.186556794846035,-1.6116090820937807,2.6802371936816227
694,4,1,11,0,0,1,848.1764705882352,2115,2424,-1.364224512294566,-1.154523123094713,-0.5034243343619235
695,4,1,11,1,1,1,848.1764705882352,4750,5087,-0.9952223299014632,-0.6735324646869721,-1.9639614600861648
696,4,1,11,2,1,2,848.1764705882352,3836,3959,-1.1136638304011515,1.127923961956413,0.7210078586068189
697,4,1,11,3,1,1,848.1764705882352,5062,5260,-1.0863303354090696,-0.8826591496458088,0.3449248226993378
698,4,1,11,4,1,1,848.1764705882352,5080,5323,-1.1726877794870525,-0.5284480038187974,-0.9953518026679659
699,4,1,11,5,1,1,848.1764705882352,5306,5668,-1.077222814877708,0.14503499562812722,-1.7977147845371888
700,4,1,12,6,0,2,848.1764705882352,4240,5191,-1.077222814877708,1.2713234785051404,-1.7803683570854
701,4,1,12,0,0,2,848.1764705882352,3757,4649,-0.8084416252225721,1.3908182956451944,-0.8707877456382151
702,4,1,12,1,1,1,848.1764705882352,5679,6234,-0.23443823038885636,0.99049703527194,-1.456664950172116
703,4,1,12,2,1,1,848.1764705882352,6055,6606,-0.10688374265880797,0.7485103510959632,-0.17110818853873508
704,4,1,12,3,1,1,848.1764705882352,5398,5729,-0.3118849550994208,-1.0350211359788313,1.9369595134261948
705,4,1,12,4,1,1,848.1764705882352,5035,5375,-1.3095575223104026,-0.8647342100772175,-0.16231824435406844
706,4,1,12,5,1,2,848.1764705882352,4659,5008,-0.9542220874133406,0.9665995058390952,-0.7832961572017155
707,4,1,12,6,0,2,848.1764705882352,4429,5582,-0.621660920543681,2.021181060465917,-1.194257691633955
708,4,1,12,0,0,2,848.1764705882352,2787,3228,-0.6079941730476403,1.979358591464481,-0.398296601913308
709,4,1,12,1,1,2,848.1764705882352,4841,5170,-0.3255517025954614,2.119768228093167,0.05643182260322446
710,4,1,12,2,1,2,848.1764705882352,5219,5501,-0.7765543699648094,-0.2343714452564957,1.543395036524248
711,4,1,12,3,1,2,848.1764705882352,5009,5319,-1.081776575143389,-0.6526248151741683,-0.32851147704240113
712,4,1,12,4,1,1,848.1764705882352,5107,5532,-1.090889562373749,-1.0290485461145766,-0.17110818853873508
713,4,1,12,5,1,1,848.1764705882352,5182,5611,-1.1683308203853149,0.09723993676243602,-0.7744499573742666
714,4,1,12,6,0,1,848.1764705882352,4280,5047,-0.9359961129526205,0.15101475546820917,-1.1243459915667886
715,4,1,12,0,0,2,848.1764705882352,3248,3786,-0.726441140246327,1.5013578129767808,-1.2032164027469672
716,4,1,12,1,1,2,848.1764705882352,4373,4585,-0.557886410028156,1.9913037711929895,-1.2381469377412984
717,4,1,12,2,1,1,848.1764705882352,5124,5557,-0.46221917755587,0.26453698274400894,0.4937631895894641
718,4,1,12,3,1,1,848.1764705882352,4934,5267,-0.8904421101988169,-0.028234640217699992,-0.030989446279798005
719,4,1,12,4,1,2,848.1764705882352,3814,4128,-0.9041088576948578,0.27648933244834517,-0.7570950915760606
720,1,1,12,5,1,2,848.1764705882352,3402,3623,-0.9223293654565796,-0.5211704783539496,2.645246183871301
721,1,1,12,6,0,1,848.1764705882352,1544,1749,-1.2548905323262391,-1.3487075784291722,-0.07482665591756857
722,1,1,12,0,0,1,848.1764705882352,1379,1787,-1.364224512294566,-0.8169319812356994,-0.7483754669448709
723,1,1,12,1,1,2,848.1764705882352,746,920,-1.443650182042557,1.1611711398682354,-1.5338814454545076
724,1,1,12,2,0,2,848.1764705882352,573,1013,-1.1156482421375764,0.7559169361257047,-0.2470954980263432
725,1,1,12,3,1,3,848.1764705882352,432,441,-1.3778912597906066,1.3908182956451944,1.8318317809775795
726,1,1,12,4,1,2,848.1764705882352,1867,2114,-1.3186650428417643,0.16893969503679968,2.3041963495062276
727,1,1,12,5,1,2,848.1764705882352,2451,3095,-1.3232242698064436,-0.28217367409801375,-0.4335126342947573
728,1,1,12,6,0,2,848.1764705882352,1182,1341,-1.3232242698064436,0.8859372777804354,-0.8707314899954335
729,1,1,12,0,0,1,848.1764705882352,1432,1796,-1.3095575223104026,-1.0469734856831676,2.3129300380481124
730,1,1,12,1,1,2,848.1764705882352,2290,2729,-1.528225482247056,-0.37179837194096793,-0.44230257847942395
